{
    "loss": [
        1.338834285736084,
        1.0599340200424194,
        0.8947579860687256,
        0.7871653437614441,
        0.7052208185195923,
        0.6490234732627869,
        0.6237563490867615,
        0.5888385772705078,
        0.5739762187004089,
        0.5375874638557434,
        0.5437143445014954,
        0.5201076865196228,
        0.5461836457252502,
        0.5120002627372742,
        0.5022731423377991,
        0.4803033173084259,
        0.47410228848457336,
        0.470309317111969,
        0.46676966547966003,
        0.4358041286468506,
        0.4089732766151428,
        0.3885500729084015,
        0.39290961623191833,
        0.3858548104763031,
        0.3759949207305908,
        0.32265129685401917,
        0.29828041791915894,
        0.285669207572937,
        0.2698591947555542,
        0.243668794631958,
        0.2585391700267792,
        0.2313278764486313,
        0.24948962032794952,
        0.22380132973194122,
        0.20251409709453583,
        0.19992366433143616
    ],
    "accuracy": [
        0.5762814879417419,
        0.6148013472557068,
        0.6651501655578613,
        0.7021534442901611,
        0.7245981097221375,
        0.7455262541770935,
        0.7500758171081543,
        0.768577516078949,
        0.761601448059082,
        0.7810130715370178,
        0.7761601209640503,
        0.7922353744506836,
        0.7761601209640503,
        0.7843493819236755,
        0.7904155254364014,
        0.7855626344680786,
        0.7870791554450989,
        0.7967849373817444,
        0.8031544089317322,
        0.8262056708335876,
        0.8629056811332703,
        0.8695784211158752,
        0.8817106485366821,
        0.8832271695137024,
        0.887170135974884,
        0.9123445749282837,
        0.9220503568649292,
        0.9272065758705139,
        0.9426751732826233,
        0.9481346607208252,
        0.9460115432739258,
        0.9517743587493896,
        0.9478313326835632,
        0.9532908797264099,
        0.9557173252105713,
        0.9566272497177124
    ],
    "val_loss": [
        1.2544227838516235,
        1.0490168333053589,
        0.983940601348877,
        1.0551798343658447,
        1.1116455793380737,
        1.0055503845214844,
        1.1562421321868896,
        0.9901507496833801,
        1.1158469915390015,
        1.1529797315597534,
        0.9036150574684143,
        1.1600208282470703,
        1.1336162090301514,
        1.1328554153442383,
        1.2668898105621338,
        1.2583603858947754,
        1.1514359712600708,
        1.2258422374725342,
        1.443413257598877,
        1.2805496454238892,
        1.461830735206604,
        1.5175538063049316,
        1.4576612710952759,
        1.3862943649291992,
        1.6998662948608398,
        1.5630275011062622,
        1.549365520477295,
        1.8256584405899048,
        1.3717186450958252,
        1.7053289413452148,
        1.6153748035430908,
        1.8781530857086182,
        1.4876974821090698,
        1.6760703325271606,
        1.8620522022247314,
        1.5922178030014038
    ],
    "val_accuracy": [
        0.614545464515686,
        0.614545464515686,
        0.614545464515686,
        0.6121212244033813,
        0.614545464515686,
        0.6048485040664673,
        0.6181818246841431,
        0.6169697046279907,
        0.6266666650772095,
        0.6242424249649048,
        0.6242424249649048,
        0.49454545974731445,
        0.585454523563385,
        0.614545464515686,
        0.614545464515686,
        0.5600000023841858,
        0.5660606026649475,
        0.5866666436195374,
        0.6096969842910767,
        0.6509090662002563,
        0.6218181848526001,
        0.6242424249649048,
        0.6230303049087524,
        0.646060585975647,
        0.5915151238441467,
        0.6266666650772095,
        0.6339393854141235,
        0.6375757455825806,
        0.6436363458633423,
        0.6424242258071899,
        0.6193939447402954,
        0.6375757455825806,
        0.6448484659194946,
        0.6412121057510376,
        0.6206060647964478,
        0.6448484659194946
    ]
}