{
    "loss": [
        0.9987135529518127,
        0.9525049328804016,
        0.8693490624427795,
        0.7825649380683899,
        0.6932318806648254,
        0.6181938648223877,
        0.5708373785018921,
        0.5264759063720703,
        0.5041412711143494,
        0.4576624035835266,
        0.43724963068962097,
        0.4256911277770996,
        0.39530518651008606,
        0.3943600356578827,
        0.3174225389957428,
        0.33352553844451904,
        0.31700366735458374,
        0.28360310196876526,
        0.31907662749290466,
        0.2509661316871643,
        0.2410169094800949,
        0.25428086519241333,
        0.22788996994495392,
        0.22214379906654358,
        0.2284087836742401,
        0.20948801934719086,
        0.20899257063865662,
        0.1803039014339447,
        0.16744928061962128,
        0.22131597995758057,
        0.17893332242965698,
        0.20538359880447388,
        0.16460107266902924,
        0.16862182319164276,
        0.15876725316047668,
        0.15841823816299438,
        0.15148375928401947,
        0.1390477418899536,
        0.15060986578464508,
        0.15223121643066406,
        0.12871870398521423,
        0.1536959856748581,
        0.10012932866811752,
        0.12322888523340225,
        0.12113814800977707,
        0.11340685933828354,
        0.08314107358455658,
        0.0884392037987709,
        0.1062389612197876,
        0.10310937464237213
    ],
    "accuracy": [
        0.5740465521812439,
        0.5933630466461182,
        0.6577513813972473,
        0.7097573280334473,
        0.738979697227478,
        0.7721644639968872,
        0.7746409177780151,
        0.7741456031799316,
        0.797919750213623,
        0.8098068237304688,
        0.818722128868103,
        0.8365527391433716,
        0.8315998315811157,
        0.8315998315811157,
        0.878652811050415,
        0.8736998438835144,
        0.8771669268608093,
        0.8945022225379944,
        0.8771669268608093,
        0.9034175276756287,
        0.908865749835968,
        0.9068846106529236,
        0.9212481379508972,
        0.9232293367385864,
        0.9252104759216309,
        0.930658757686615,
        0.9361069798469543,
        0.9366022944450378,
        0.9430410861968994,
        0.9262011051177979,
        0.9375928640365601,
        0.9232293367385864,
        0.9465081691741943,
        0.9380881786346436,
        0.9450222849845886,
        0.950470507144928,
        0.9460128545761108,
        0.9509658217430115,
        0.9524517059326172,
        0.9450222849845886,
        0.9623575806617737,
        0.9519563913345337,
        0.9658246636390686,
        0.9588905572891235,
        0.9588905572891235,
        0.9643387794494629,
        0.9683011174201965,
        0.9653293490409851,
        0.9673105478286743,
        0.9678058624267578
    ],
    "val_loss": [
        0.9101624488830566,
        0.9065433144569397,
        0.9698662757873535,
        0.8625381588935852,
        0.9648793935775757,
        1.4049707651138306,
        0.9939306378364563,
        1.5529732704162598,
        1.3867765665054321,
        1.050184726715088,
        1.3817914724349976,
        1.5841032266616821,
        1.1954944133758545,
        1.3899482488632202,
        1.2624224424362183,
        1.8151471614837646,
        1.8717024326324463,
        2.266178607940674,
        1.8234782218933105,
        2.001027822494507,
        2.7301740646362305,
        1.9077413082122803,
        1.7238781452178955,
        1.7966763973236084,
        2.0772652626037598,
        3.059274435043335,
        2.543243408203125,
        2.8321495056152344,
        1.732163429260254,
        2.102832555770874,
        2.0340659618377686,
        2.7066001892089844,
        2.988121271133423,
        2.0680038928985596,
        2.9028377532958984,
        3.079057455062866,
        4.2871994972229,
        2.002680540084839,
        2.669374704360962,
        3.247938871383667,
        3.268237590789795,
        2.7283875942230225,
        3.4812872409820557,
        3.5357766151428223,
        3.391406297683716,
        3.445917844772339,
        2.524392604827881,
        5.0236735343933105,
        4.642772197723389,
        3.7665562629699707
    ],
    "val_accuracy": [
        0.6277227997779846,
        0.6277227997779846,
        0.6297029852867126,
        0.6257425546646118,
        0.5762376189231873,
        0.6237623691558838,
        0.6178217530250549,
        0.5465346574783325,
        0.592079222202301,
        0.6178217530250549,
        0.603960394859314,
        0.5485148429870605,
        0.512871265411377,
        0.603960394859314,
        0.5881187915802002,
        0.5861386060714722,
        0.5881187915802002,
        0.605940580368042,
        0.5960395932197571,
        0.5623762607574463,
        0.6000000238418579,
        0.5881187915802002,
        0.5049505233764648,
        0.5841584205627441,
        0.592079222202301,
        0.5801980495452881,
        0.5683168172836304,
        0.5267326831817627,
        0.5722772479057312,
        0.5643564462661743,
        0.5346534848213196,
        0.5544554591178894,
        0.5405940413475037,
        0.5821782350540161,
        0.592079222202301,
        0.594059407711029,
        0.5485148429870605,
        0.5346534848213196,
        0.5584158301353455,
        0.5801980495452881,
        0.5663366317749023,
        0.5801980495452881,
        0.5702970027923584,
        0.5861386060714722,
        0.5841584205627441,
        0.5683168172836304,
        0.5405940413475037,
        0.5643564462661743,
        0.5782178044319153,
        0.5544554591178894
    ]
}